대학명,단대명,학부/학과명,커리큘럼
서울대학교,공과대학,컴퓨터공학부,"컴퓨터과학이 여는 세계,컴퓨터과학적 사고와 실습,인공지능 입문,	인터넷 보안과 프라이버시,이산수학,프로그래밍연습,공학수학,전기전자회로,컴퓨터구조,컴퓨터프로그래밍,논리설계,자료구조,컴퓨터공학세미나,프로그래밍의 원리,알고리즘,시스템프로그래밍,	오토마타이론,운영체제,하드웨어시스템설계,프로그래밍언어,선형 및 비선형 계산모델,디지털신호처리,창의적통합설계,데이터마이닝 개론,데이터베이스,데이터통신,소프트웨어 개발의 원리와 실습,IT창업개론,임베디드시스템과 응용,소프트웨어공학,소프트웨어응용,모바일 컴퓨팅과 응용,인공지능,컴파일러,컴퓨터그래픽스,컴퓨터네트워크,컴퓨터모델링,멀티코어 컴퓨팅,컴퓨터보안,웹정보시스템IT-리더십 세미나,컴퓨터융합응용,인간컴퓨터상호작용,소셜 네트워크 분석,기계학습 개론,창의적통합설계,컴퓨터비전,컴퓨터 신기술 특강,인터넷 보안,양자 컴퓨팅 및 정보의 기초,블록체인의 이해,	딥러닝의 기초"
서울대학교,미술대학,동양화과,"한국미술과 문화	,서양미술사,동양화 기초,	평면조형,평면조형,입체조형,	기초시각디자인,기초공업디자인,	기초 도예,기초 금속공예, 동양미술사,한국미술사,소묘,전통채색기법,전통수묵기법,서예와 전각,한지제작기법	2,회화재료와 기법,조형론,한국회화사,	근현대동양회화사,창의성과 미술교육,한국근현대회화사,작품연구: 수묵채색회작품연구: 수묵화,	작품연구: 창작과정탐구,작품연구: 창작과 비평,신조형,벽화기법,	통합매체 "
서울대학교,미술대학,서양화과,"서양화 기초,평면조형,	입체조형,기초시각디자인,기초공업디자인,기초 도예,기초 금속공예,한국미술과 문화,서양미술사,	회화,	드로잉,서양근현대미술사,한국근현대미술사,작품연구: 형상과 표현,작품연구: 개념과 과정,작품연구: 창작의 구조,작품연구: 개념의 시각화,작품연구: 의미와 문맥,작품연구 : 매체와 표현,영상,사진,	설치,	판화,	초빙작가특강,작가와 작품론,미술과 문화이론,미술과 대중매체,현대미술의 쟁점,	미술교육론,미술교재연구 및 지도법	3학점"
서울대학교,미술대학,조소과,"조소기초,평면조형, 입체조형, 기초시각디자인 ,기초공업디자인,기초도예 ,기초금속공예 ,한국미술과 문화 ,서양미술사,조소 ,목조,석조,조각입문세미나,작품연구:소조, 작품연구:조각,작품연구:표현과 해석,작품연구:조형,작품연구:시간·조형, 주형기법,디지털조각,3D미디어 구현기법,점토조각연구,현대조각론,조각가 연구 세미나,공간예술의 이해,"
서울대학교,미술대학,디자인학부(공예),"공예와 문화,현대공예론,목공예 ,공예작가론 ,도자공예사,자유성형기법,물레성형,도자공예입문,도자와 문화, 개별연구 및 세미나  제품도자, 도자공예,도자재료연구,도자조형,도자산업 및 유통,금속공예사,금속공예 성형기법,장신구,금속재료 및 기법,금속공예,금속형태와 구조,제품금속,인체와 장식,공간과 장식"
서울대학교,미술대학,디자인학부(디자인),"디자인기초, 한국미술과 문화,평면조형,입체조형, 매체의기초,서양미술사,신입생 세미나,창조와 디자인,예술·디자인과 녹색사회 ,디자인과 생활,기초시각디자인 ,애니매이션,사진,VD컴퓨테이션,디자인의요소와원리,공간디자인컨셉스터디,타이포그래피디자인         ,미디어디자인프로그래밍,  디자인사진, ID컴퓨테이션, 현대디자인론 , 기초모형제작실습, 제품리버스디자인,구조와재료디자인,디자인과정과방법,디자인과 문화,영상디자인,일러스트레이션,편집디자인,정보인터랙션디자인 ,디자인리서치 ,미디어프리젠테이션 ,제품디자인 , 인간행태와디자인,디지털패브리케이션,주거공간디자인,아이덴티티디자인, 공공커뮤니케이션디자인 , 미디어인터랙션디자인,AV디자인,디자인실습 ,디자인사고및연구,운송기기디자인,사회적이슈와디자인,사물인터랙션디자인,도시공간디자인,디자인사 ,시각디자인프로젝트,브랜드디자인프로젝트,미디어디자인프로젝트,모션그래픽디자인프로젝트,제품시스템디자인프로젝트, 운송기기디자인프로젝트,졸업전시프로젝트퍼블리케이션,공간디자인프로젝트,디자인포트폴리오,디자인비즈니스     "
서울대학교,연합전공,계산과학,"계산과학의 이해,계산과학이론 및 실습,계산과학의 기초와 역사, 계산과학 모델과 데이터, 수치선형대수,과학적 가시화의 기초 및 실습,과학계산개론,자료구조,수치해석개론,선형 및 비선형 계산모델,알고리즘,데이터과학,언어와 정보처리,컴퓨터 애니메이션,언어와 정보처리,응용 계산과학,계산과학 주제연구,계산과학 종합설계"
서울대학교,연합전공,정보문화학,"정보문화기술입문,HCI이론 및 실습,디지털 미디어의 이해,영상미학 ,영상 문화 입문 ,언론정보문화특강 ,인터페이스프로그래밍,디지털영상실습,문화컨텐츠의 이해,정보문화연구방법론 ,게임의 이해,멀티미디어 발상연습,인터랙티브스토리텔링,가상현실입문,창의연구실습,산학연구실습,비주얼라이제이션,인터넷과 지식기술,시리어스 게임,디지털음향의 이해,사운드인터랙션,인터랙티브미디어,디지털애니메이션의 이해,사용자중심디자인,정보문화세미나,정보구조,웹프로그래밍개론,디지털에쓰노그래피,정보기술 실습,고급 인터페이스 프로그래밍,HCI와 디지털 패브리케이션,디자인 사고와 커뮤니케이션,커뮤니케이션 질적방법론,데이터 저널리즘,미래뉴스실습 "
서울대학교,연합전공,인공지능,"인공지능 심화 프로젝트,인공지능 이론 및 응용 세미나,컴퓨터프로그래밍, 프로그래밍방법론,자료구조,자료구조의 기초,알고리즘,알고리즘의 기초,인공지능,AI와 법,기계학습 개론,기계학습 기초 및 전기정보 응용,컴퓨터비전,컴퓨터비젼의 기초,딥러닝의 기초,확률변수 및 확률과정의 기초,확률의 개념 및 응용,데이터 관리와 분석,경영과학,데이터마이닝방법 및 실습,데이터마이닝,데이터마이닝 개론,다변량자료분석 및 실습,딥러닝,컴퓨터청각,소셜컴퓨팅, 융합과학기술대학원 지능정보융합학과,전기시스템선형대수,산업경영수리기법,선형대수학"
연세대학교,인공지능융합대학,컴퓨터과학,"컴퓨터프로그래밍,객체지향프로그래밍 ,확률통계 ,컴퓨터과학입문,자료구조,컴퓨터시스템,인터넷프로그래밍,디지털논리회로실습,논리회로설계,프로그래밍언어구조론,멀티미디어개론,운영체제,컴퓨터아키텍쳐,컴퓨터그래픽스,오토메타형식언어,인공지능,선형대수와그응용 ,컴퓨터교육교재연구및지도법,컴퓨터네트워크,데이터베이스,소프트웨어공학,시스템프로그래밍,알고리즘분석,컴퓨터교육론,컴퓨터교육논리논술,데이터마이닝,컴퓨터비전,소프트웨어종합설계,창의소프트웨어설계,정보보호,임베디드컴퓨팅 ,멀티코어및GPU프로그래밍,기계학습,빅데이터, 소프트웨어인턴쉽,컴파일러설계,인간과컴퓨터인터페이스,소프트웨어종합설계,AIM캡스톤디자인,이산구조,멘토세미나,주니어세미나,미래컴퓨터과학전공탐색,컴퓨터과학 연구과제"
연세대학교,인공지능융합대학,인공지능학,"컴퓨터프로그래밍,객체지향프로그래밍,자료구조,이산구조, 확률통계,인공지능개론,선형대수와그응용,알고리즘분석,확률그래프모델 ,기계학습,분산학습시스템 ,빅데이터분석및모델링,멀티모덜데이터처리,텍스트마이닝,데이터마이닝,딥러닝 ,GPU프로그래밍,정보검색및추천시스템,로봇인공지능,컴퓨터비전,강화학습 ,인공지능종합설계, HCI&AI,예측및의사결정시스템,자연어처리, AI보안,데이터모델및시각화,AI윤리"
연세대학교,글로벌창의융합대학,산업디자인학전공,"제품디자인실습, CAPD실습,조형구성실습,인지와디자인실습,재료구조실습,인간공학실습,디자인방법론실습,시스템디자인실습,실내디자인실습,인터랙션디자인실습,공간디자인실습,이모션디자인실습 ,디자인기획실습,현대디자인세미나 ,디자인프리젠테이션 ,기구장치설계실습,조형구성실습,인지와디자인실습,디자인리서치,생태환경디자인실습,재료구조실습,인간공학실습,디자인방법론실습,시스템디자인실습 ,고급CAPD실습 ,제품조형론,실내디자인실습 ,물질문화론,인터랙션디자인실습 ,공간디자인실습,디지털제품론,디자인기술론,산업디자인사,이모션디자인실습,디자인기획실습,현장기술연구,학제간연구,포트폴리오제작,졸업연구,현대디자인세미나"
연세대학교,글로벌창의융합대학,시각디자인학전공,"정보미디어실습,편집디자인개론,편집디자인,일러스트레이션,타이포그래피,사진과디지털이미지,시각디자인,타입&이미지,인터랙티브디자인(캡스톤디자인), 모션그래픽스,패키지디자인(캡스톤디자인) ,그래픽디자인,비주얼인터랙션디자인(캡스톤디자인),정보디자인,비주얼콘텐츠디자인(캡스톤디자인),아이덴티티디자인,졸업작품워크샵(캡스톤디자인) ,브랜드커뮤니케이션디자인,광고콘텐츠디자인,인터랙션디자인스튜디오,포트폴리오웍샵(캡스톤디자인) ,졸업프로젝트(캡스톤디자인), 영상콘텐츠디자인,전공세미나 ,브랜드커뮤니케이션디자인 ,문화콘텐츠디자인(캡스톤디자인),실무사례연구,디자인실무워크샵,융합디자인워크샵(캡스톤디자인),졸업작품워크샵(캡스톤디자인) ,광고콘텐츠디자인,인터랙션디자인스튜디오 ,포트폴리오웍샵,졸업프로젝트(캡스톤디자인) 그래픽디자인실무기초,커뮤니케이션테크놀러지"
연세대학교,글로벌창의융합대학,디지털아트학전공,"감각과논리,피지컬컴퓨팅 ,DVA기초,디지털언어,디자인바이스트럭쳐,예술과뉴미디어,라이팅디자인, 키네틱아트,뉴미디어기획,인터랙티브워크샵,토이디자인,졸업작품연구,디지털아트학,디지털아트학심화,DVA심화,미디어시스템디자인,볼륨메트릭디스플레이,디지털영상,제너러티브아트,디지털아트프로젝트,파라메트릭디자인,믹스드리얼리티"
연세대학교,소프트웨어디지털헬스케어융합대학,소프트웨어전공,"데이터구조론,오픈소스SW와리눅스,객체지향프로그래밍,논리회로설계,회로이론,기초데이터구조,알고리즘기초,시스템프로그래밍,웹프로그래밍,컴퓨터구조론,신호및시스템,선형대수입문,SW창의설계,기초알고리즘,기초프로그래밍,운영체제,프로그래밍언어구조론,윈도우프로그래밍,확률및랜덤변수,선형대수활용,AI수학,SW프로젝트,실전영어 ,소프트웨어공학,병렬프로그래밍,모바일프로그래밍,인공지능,데이터베이스,데이터마이닝 ,디지털신호처리,수치해석과최적화,임베디드시스템,컴퓨터네트워크,정보보안,오픈소스SW응용과제, 융합SW-P,융합SW인턴십,융합SW프로젝트,컴파일러설계,웹서비스응용, 소프트웨어검증,알고리즘분석,SW엔지니어소양세미나,SW인턴십,SW장기인턴십,AI수학,마이크로프로세서,통신시스템,암호학,영상처리,디지털통신,소프트웨어공학,인공지능,데이터베이스,데이터마이닝, 디지털신호처리,수치해석과최적화,그래프이론과활용,임베디드시스템,컴퓨터네트워크, 정보보안,기계학습개론 ,빅데이터처리,지능형멀티미디어시스템 , 수치편미분방정식,로봇알고리즘,임베디드하드웨어설계,산학공동프로젝트,학부연구,자연어처리,바이오컴퓨팅, 정보검색, 스마트미디어통신,모델링및시뮬레이션,산업수학과역문제,IoT응용프로그래밍,정보보안응용,디지털포렌식, 프로젝트몰입과제,PBL2Startup프로젝트,SW엔지니어소양세미나,융합캡스톤디자인,SW인턴십"
고려대학교,정보대학,컴퓨터학,"알고리즘 ,컴퓨터구조, 운영체제,컴퓨터네트워크,인공지능,이산수학,프로그래밍언어,계산이론,논리설계,데이터통신,공학수학,회로이론,전자기학,컴파일러,컴퓨터시스템설계,시스템프로그래밍,컴퓨터그래픽스,소프트웨어공학,정보보호,기계학습,정보와 정보학,데이터베이스,데이터베이스시스템,디지털신호처리,확률및랜덤과정,신호및시스템,기업가정신과리더쉽,창의적소프트웨어창업방법론,사물인터넷설계,현장실습및창업실습,  컴퓨터학콜로키움,개별연구,저전력컴퓨팅,인공지능과자율주행자동차,소프트웨어검증,임베디드시스템,볼록최적화입문,인간컴퓨터상호작용입문,게임프로그래밍,인터렉티브시각화,인터넷프로토콜,클라우드컴퓨팅,모바일네트워크,소프트웨어보안,스타트업프로젝트 관리,자연어처리,데이터과학,정보검색,딥러닝,무선회로설계,무선보안,정보이론과 추론학습,전산학특강,캡스톤디자인"
고려대학교,정보대학,데이터과학,"컴퓨터프로그래밍,통계계산프로그래밍,전산수학, 행렬이론,기초통계학,미적분학및연습,통계수학,자료구조,알고리즘,컴퓨터구조,운영체제,컴퓨터네트워크,인공지능,정보보호,기계학습,데이터베이스,확률및랜덤과정,볼록최적화입문,인간컴퓨터상호작용입문,인터렉티브시각화 ,자연어처리,정보검색,딥러닝,데이터실험설계및분석,기초컴퓨터비전이론 및 응용,고급기계학습 ,빅데이터분석 ,디자인사고,데이터시각화, 강화학습,데이터프리젠테이션,데이터과학응용,졸업프로젝트(캡스톤디자인),선형대수 및연습,확률과정개론,확률론 입문,수리통계학,시계열분석,통계계산방법,회귀분석,범주형자료분석,통계적데이터과학 ,다변량통계분석,베이즈통계입문,전 통계적머신러닝,선형방법론"
고려대학교,융합전공,소프트웨어 벤처 융합 전공,"자료구조,자료구조 및 알고리즘, 데이터구조 및 알고리즘,소프트웨어공학, 기업가정신과 리더쉽,창의적소프트웨어창업방법론,스타트업프로젝트 관리,스타트업,이산수학,데이터베이스,컴퓨터시스템설계,운영체제,알고리즘 ,캡스톤디자인,종합설계,확률 및 랜덤과정,수리통계 및 실습,확률 및 랜덤프로세스 ,계산이론,논리설계,디지털시스템,컴퓨터구조,공학수학, 데이터통신,데이터네트워크, 컴파일러 ,코드 및  시스템최적화,컴퓨터 네트워크,인공지능,컴퓨터 그래픽스,정보검색,기계학습,인간컴퓨터상호작용입문,무선통신,시스템프로그래밍,임베디드시스템,인터넷프로토콜,정보보호,게임프로그래밍,현장실습및창업실습,데이터과학,프로그래밍 언어,회로이론 ,전기회로,프로세서구조,클라우드컴퓨팅,자연어처리,전산학특강,현장실습,응용통계 및 실습,경영공학개론,OR-Ⅰ 및 실습,휴먼인터페이스,인간공학,OR-Ⅱ 및 실습,데이터마이닝,시뮬레이션 및 실습 ,최적화이론,품질공학회사법, 지적재산권법개론,마케팅원론,재무관리,오퍼레이션스 관리,중급회계,경영정보시스템,벤처경영,디지털플랫폼비즈니스,조직행동론,국제경영론,IT기반 비즈니스모델,경영전략"
고려대학교,융합전공,정보보호융합전공,"운영체제 ,정보보호 ,역공학기법,컴파일러 ,시스템프로그래밍 ,컴퓨터네트워크,소프트웨어공학,현장실습및창업실습,인터넷프로토콜,소프트웨어보안,캡스톤디자인,정보보호의이해, IoT개론,암호수학,암호알고리즘,위험관리,디지털포렌식개론,악성코드,침해사고대응관리,정보보호시스템평가방법론,기초해킹실습,시큐어코딩,고급해킹실습,지적재산권법개론,확률과통계및연습"
고려대학교,융합전공,인공지능융합전공,"기계학습,자료구조, 확률및랜덤과정,인공지능과 윤리,인공지능 응용과 이해,뇌 및 인지과학 개론,뇌 및 의공학 입문,생명물리학,생체신호처리,의학영상처리,공학수학,인공지능,자연어처리,딥러닝,정보이론과 추론학습 ,선형대수,데이터마이닝,패턴인식,컴퓨터비젼,수치해석,로봇공학"
고려대학교,디자인조형학부,산업정보디자인,"2D기초조형 ,기초디자인-2D ,제품디자인스튜디오,디자인표현기법,3D그래픽스,기초디자인-3D,4D컴퓨터그래픽,디자인과발상,재료와프로세스,기초정보디자인,디자인프로토타입핑,디자인워크샵,인터랙티브컴퓨팅,디자인과조형,디자인 인간요소,디자인방법론,인터랙션디자인,공공디자인,디자인마케팅,디자인사고,인터페이스디자인,신개념가구디자인,제품시스템디자인,제품개발,디지털디자인프로젝트,디자인브랜딩포트폴리오,디자인세미나,디자인사례연구"
고려대학교,디자인조형학부,조형미술,"선묘와드로잉,현대회화기법,제품디자인스튜디오,전통회화연구,한국화ll-색채기법,졸업연구(종합설계),미술사,한국화스튜디오,디자인표현기법,현대미술워크샵,3D그래픽스,기초매체연구,기초디자인-3D, 4D컴퓨터그래픽,미디어와공간,디자인과발상, 종이&섬유, 재료와프로세스,전통회화연구,기초정보디자인,회화STUDIO,디자인프로토타입핑,평면재료기법,디자인워크샵,인터랙티브컴퓨팅,디자인과조형 ,디자인 인간요소,현대창작실기,디자인방법론, 신조형,인터랙션디자인,미술사,공공디자인 ,현대창작실기,디자인마케팅,뉴미디어아트,디자인사고,인터페이스디자인,신개념가구디자인,제품시스템디자인(종합설계),조형론,제품개발(종합설계),개별창작스튜디오,디지털디자인프로젝트,평면스튜디오,디자인브랜딩,한국미술세미나,포트폴리오,디자인세미나,NEW FORMS,디자인사례연구, 개별작품연구"
고려대학교,과학기술대학,응용수리과학부 데이터계산과학전공,"해석학및연습,선형대수학및연습,미분방정식및연습,편미분방정식및연습,이산수학,기하학및연습,다변수함수론및연습,수치해석학및연습,집합론,정수론및응용,계산수학,대수학과응용및연습,위상수학및연습,복소수해석학,수리통계학및연습,응용수학개론및연습,확률론,미분기하학,그래프론과응용및연습, 산업수학,금융수학개론,보험수학,위상데이터분석,실해석학,대수적위상수학 ,수학적모델링,수리금융파생상품론,실무데이터분석"
고려대학교,과학기술대학,인공지능사이버보안학과,"암호수학  ,정보보호개론 , 리눅스활용및실습,파이썬프로그래밍,자료구조론,선형대수학,이산수학과응용,객체지향프로그래밍기초와실습,데이터사이언스 ,사이버해킹기초와실습, 컴퓨터구조설계이론,웹프로그래밍,인공지능개론,현대암호,수치최적화이론,운영체제의이해,데이터통신네트워크,인공지능최적화기초 ,기계학습개론,시스템보안,암호SW개발,역공학,시스템프로그래밍실습,심층학습,네트워크보안,부채널분석,빅데이터응용및보안,디지털포렌식이론과실습,데이터베이스설계및보안,스마트시티보안관제,캡스톤디자인,대수학,모바일프로그래밍,강화학습,컴퓨터보안론,사이버법과정책,무선이동시스템및보안,악성코드분석,해킹방어이론과실습,블록체인과분산시스템,산학연계캡스톤디자인,컴파일러,인공지능보안시스템개발,신호정보해독및응용,IoT보안,모바일및핀테크보안,양자계산과보안, 비대면시대의산업보안,고급프라이버시암호학"
고려대학교,과학기술대학,컴퓨터융합소프트웨어학과,"자료구조.디지털시스템,프로그래밍언어론. 시스템소프트웨어.정보통신,컴퓨팅사고.빅데이터개론,Linux 실습,컴퓨터구조, IoT개론 ,윈도우즈프로그래밍및실습,객체지향프로그래밍및실습,어셈블리언어및실습 ,확률 및 통계,창의성설계,이산구조 및 연습,운영체제,인공지능,컴파일러, 데이터베이스,수치해석,스마트IoT,컴퓨터네트워크,정보보호,알고리즘,컴퓨터그래픽스,빅데이터분석방법론,전산선형대수학 ,리눅스시스템프로그래밍실습,소프트웨어공학 및 실습,프로그램개발방법론및실습,네트워크프로그래밍및실습,임베디드컴퓨팅시스템,오토마타,소프트웨어응용,클라우드컴퓨팅,ICT응용기술, 창업시뮬레이션,최적화기법입문 ,컴퓨터비전,빅데이터분산처리시스템,데이터마이닝,게임프로그래밍실습,지능형웹서비스,임베디드시스템하드웨어실습 , 정보보호응용및실습, GPGPU프로그래밍,컴퓨터통신및실습,인터넷응용및실습 ,머신러닝실습,인터넷서버구축및관리실습,인터넷및네트워크보안실습 ,멀티미디어시스템,병렬프로그래밍실습,스마트폰애플리케이션,프로그래밍실습, ICT학점연계프로젝트인턴십,캡스톤디자인"
고려대학교,과학기술대학,미래모빌리티학과,"자료구조개론, 기초역학개론, 통신및네트워크, 자동제어,영상처리및딥러닝,교통체계운영및분석,IoT개론, 객체지향프로그래밍및실습, 확률및통계, 기초공업수학, Linux 실습, 전기회로I,  빅데이터개론, AI-빅데이터 공학수학, 공학수학,임베디드컴퓨팅,  IoT 기초 PBL I, 자율주행 기반기술 PBL, 자율주행 심화 PBL, 로봇 설계/주행 PBL, 자율주행차 플랫폼 기반 AI 및 IoT 융합 PBL,자율주행을 위한 인공지능, 인공지능 로보틱스,자율주행시스템개론, 도시교통 계획및 의사결정, 도시모빌리티 시뮬레이션 모델링,데이터베이스,  모빌리티정보학,  자율주행 센서 및 데이터처리, 스마트자동차공학, 클라우드컴퓨팅개론, 자율주행 시뮬레이션 응용,  차량운동학,  IoT보안,  디지털트윈개론,  MassS:  통합 모빌리티서비스,이동로봇 운행시스템,자율주행 통신시스템,자율주행 안전시스템, 네트워크 기반 자율주행 PBL,  자율주행 빅데이터 분석 PBL,자율주행시스템 융합설계 PBL"
서강대학교,공과대학,컴퓨터공학과,"미적분학,일반물리, 일반물리실험,응용수학,집합론,선형대수학,정수론,컴퓨터기초,컴퓨터프로그래밍,이산구조,컴퓨터공학설계및실험,컴퓨터공학실험,자료구조,알고리즘설계와분석,컴퓨터프로그래밍,컴퓨터시스템개론,JAVA언어,프로그래밍언어,기초컴파일러구성,컴퓨터시스템,디지털회로개론, 컴퓨터아키텍쳐,데이터통신개론,운영체제,자동장치이론,시스템프로그래밍,임베디드시스템개론,임베디드컴퓨터구조,임베디드시스템소프트웨어,기초컴퓨터네트워크,기초SOC설계,컴퓨터응용,파일처리,기초머신러닝,고급소프트웨어실습,기초컴퓨터그래픽스, SW경제성분석및창업,SW명세화기법, 데이터베이스시스템,데이터베이스프로그래밍,소프트웨어공학,수치컴퓨팅및응용,인터넷프로그래밍및응용,설계패턴,기초인공지능,캡스톤디자인,암호학기초,현장실습,인턴쉽"
서강대학교,연계전공,융합소프트웨어(Convergence Software) 연계전공 ,"정보사회와인문학,코퍼스언어학,인문콘텐츠학,언어와통계,빅데이터학,문화산업과스토리텔링,정보처리및자연언어처리,디지털인문학문화지도개발,기초C언어,기초JAVA언어,자료구조입문,알고리즘입문,운영체제입문,데이터베이스입문"
서강대학교,연계전공,빅데이터 사이언스(BigData Science) 연계전공,"미적분학,대학수학,경제수리기초,기초빅데이터프로그래밍,선형대수학,통계학입문,경영통계학,경제통계학,빅데이터 종합설계,기초C언어,기초JAVA언어,자료구조입문,알고리즘입문,데이터베이스입문,빅데이터마이닝입문,빅데이터 컴퓨팅,Machine Learning Programming,인공지능(딥러닝) 개론,산업수학 종합설계,이산수학빅데이터 기반 마케팅과 스타트업,메타버스가상시장과마케팅사이언스,AI금융,금융시장의 빅데이터 분석,통계자료분석,BA 인공지능,빅데이터와 비즈니스 모델,웹데이터분석과응용(캡스톤디자인,계량경제학,경제수리통계학,금융계량경제학,금융시장행태주의분석,금융시장계량분석,코퍼스언어학,빅데이터학,정보처리 및 자연언어 처리,기초 머신러닝,블록체인 및 응용,Fundamentals of Computer Science for Korean Studies, Data&AI,데이터마이닝,AI기반기술경영및정책"
서강대학교,연계전공,인공지능(Artificial Intelligence) 연계전공,"기초인공지능프로그래밍,미적분학, 대학수학,경제수리기초,자료구조입문,자료구조,공학프로그래밍,인공지능(딥러닝)개론,인공지능종합설계,C언어기초,확률및랜덤변수,알고리즘입문,데이터베이스입문,빅데이터컴퓨팅,Machine Learning Programming,신호및시스템,디지털신호처리개론,디지털영상처리개론,기계학습기초, 대화형사용자인터페이스개론,병렬분산컴퓨팅,산업수학종합설계,기초인공지능,데이터마이닝,인공지능종합설계,AI기반기술경영및정책,선형대수학,기계공학해석,인공지능: 딥러닝,경제학특강3: 머신러닝을 이용한 금융시장 분석,Deep Learning & Computer Vision , AI금융,응용수학,고급공학수학,공학수학,화공수학,이산구조,기초빅테이터프로그래밍,정보처리및자연언어처리,고급선형대수학,코퍼스언어학,빅데이터학,언어와통계 ,기초Java언어,고급소프트웨어실습,컴퓨터공학설계및실험,웹데이터분석과응용(캡스톤디자인),BA 인공지능,빅데이터와 비즈니스 모델,신규 융합커뮤니케이션,인공지능과 마케팅,메타버스가상시장과마케팅사이언스,이산수학,전산물리학,공학수치해석,실험계획법과 통계분석 ,고급화공수학,거시경제학,경제학특강2: 파이썬을 이용한 금융시장 빅데이터분석,금융시장의 빅데이터 분석.인공지능현장실습Ⅱ"
성균관대학교,예술대학,미술학과,"드로잉,한국미술사,수묵기법,입체조형,졸업작품연구,스튜디오아트,서양미술사,비디오미술,작가초청세미나,동양예술론,표현기법,스튜디오아트,현대미술의쟁점,발상연습,예술사진,디지털3D조형,아트리서치,아트라이팅,디지털아트,전시기획프로젝트"
성균관대학교,예술대학,디자인학과(시각디자인),"디지털디자인스튜디오,디자인론,기초디자인,표현과재료,크리에이티브디자인,색채연구,입체조형,포토스튜디오,디자인 프로세스,아트앤디자인,발상과디자인,디자인 마케팅론,프로시저,디자인워크샵,포토앤커뮤니케이션,크리에이티브프로젝트,디자인스튜디오,인포메이션 디자인,디자인 크리에이티브,시각디자인,디자인리서치,포장디자인,프로페셔날종합설계프로젝트,통합적디자인,졸업작품 캡스톤디자인"
성균관대학교,예술대학,디자인학과(써피스디자인,"디지털디자인스튜디오,디자인론,기초디자인,표현과재료,크리에이티브 디자인,색채연구,입체조형,포토스튜디오,디자인프로세스,아트앤디자인,발상과디자인,디자인 마케팅론,프로시저,디자인워크샵,포토앤커뮤니케이션,디자인스튜디오,크리에이티브 프로젝트,공간디자인,디자인크리에이티브,통합디자인 스튜디오,디자인앤트렌드,디자인리서치,졸업작품 캡스톤 디자인,프레젠테이션,프로페셔날 종합설계프로젝트"
성균관대학교,소프트웨어융합대학,글로벌융합학부 데이터사이언스융합전공,"AI 기초와 활용, 컴퓨팅사고와SW코딩,문제해결과알고리즘,글로벌융합학부캡스톤프로젝트,데이터분석기초,데이터사이언스 캡스톤프로젝트,확률및통계,글로벌융합학부세미나,인공지능을위한기초수학,데이터사이언스개론,자료구조및알고리즘,데이터윤리와 사회적영향,미적분및선형대수,데이터사이언스와파이썬,데이터사이언스와R,데이터보안, 데이터큐레이션, 메타데이터 설계실습,지식그래프, 시맨틱웹시스템 구축실습,관계형 데이터베이스,NoSQL데이터베이스,데이터모델링,응용머신러닝,위치기반데이터분석,딥러닝개론,인공지능개론,데이터마케팅,데이터시각화실습,네트워크분석,시계열분석,정보시스템설계및구축,인간컴퓨터 상호작용, 정보행위론,웹프로그래밍,정보검색론,의료정보학개론,의료정보시스템실습,디지털인문학"
성균관대학교,소프트웨어융합대학,글로벌융합학부 인공지능융합전공,"강화학습, 글로벌융합학부캡스톤프로젝트,창의융합프로젝트,캡스톤설계프로젝트,인공지능시스템 ,빅데이터처리,인공지능& 예술, 전산사회과학, 인공지능마케팅,인공지능& 스포츠,인공지능& 법,파이낸셜인텔리전스,인공지능& 정신건강,인공지능 & 디자인,바이오인포메틱스,인공지능기반영상분석 및 생성,컴퓨터비전 및 응용,음성 데이터 및 응용,대화 에이전트 설계 및 응용,자연어처리 및 응용,인터랙션 인공지능,디자인 사고와창의설계,데이터 심리학,인간인공지능 상호작용,인공지능 스타트업,기업가정신 스타트업,프로젝트 AI산업전략,AI 기초와 활용,컴퓨팅사고와 SW코딩,문제해결과 알고리즘, 데이터분석기초,확률및통계, 글로벌융합 학부세미나, 인공지능을 위한 기초수학,데이터마이닝,기계학습,딥러닝,자료구조 및 알고리즘 개론,자료구조 개론,인공지개론,"
성균관대학교,소프트웨어융합대학,소프트웨어학과,"프로그래밍기초와실습,소프트웨어세미나,컴퓨터공학세미나,소프트웨어특강,산학협력프로젝트,소프트웨어창업현장실습,공학컴퓨터프로그래밍(C++),컴퓨터개론, 문제해결, 프로그래밍언어, 컴퓨터그래픽스개론, 자료구조개론, 알고리즘개론, 소프트웨어공학개론,모델링과시뮬레이션,시스템프로그램, 데이터베이스개론, 디지털논리회로, 컴퓨터구조개론, 인공지능개론, 기계학습원론, 컴퓨터비전개론,운영체제, 임베디드,소프트웨어개론, 오토마타, 컴퓨터네트웍개론, 멀티코어컴퓨팅,확률과랜덤프로세스,빅데이터 분석방법론,ICT사업운영론, 정보보호개론, AI캡스톤디자인,HCI개론, 인터넷서비스와정보보호,심층신경망개론, 캡스톤 설계프로젝트,소프트웨어개발자를위한기술작문및프리젠테이션,오픈소스SW실습,네트워크프로젝트,임베디드시스템프로젝트,JAVA프로그래밍실습,모바일앱프로그래밍실습,인공지능프로젝트,시스템프로그래밍실습,웹프로그래밍실습,데이터베이스프로젝트,가상현실론 ,고급컴퓨터네트워크설계,네트워크인공지능,분산컴퓨팅원론,소프트웨어구조설계론, 정보시각화,컴파일러와언어원론, 인공지능보안,블록체인과스마트컨트랙트, 시스템보안특론,소프트웨어자동화분석, 강화학습개론"
한양대학교,공과대학,정보시스템학과,"전산학개론 ,C프로그래밍,회계학, 데이터구조,공학도를위한창의적컴퓨팅, C++프로그래밍,정보시스템개론,데이터베이스시스템,오퍼레이팅시스템 ,컴퓨터구조,전문학술영어,마케팅개론,웹시스템프로그래밍, 정보시스템분석, 재무관리,알고리즘분석,정보시스템설계,확률및통계,조직론,글로벌리더십, 프로그래밍언어론,  시스템소프트웨어론,객체지향프로그래밍-JAVA,    ERP시스템, 통신망이론, 소프트웨어공학,컴퓨터네트워크, 테크노경영학(스타트업종합설계) , 인공지능및응용,기술분석과전략, 시스템감리론 , 창업론, 정보보호,전자상거래이론, 정보시스템학종합설계,  셀프리더십,시스템플래닝실습, IT프로젝트관리론,블록체인개론, IT와경영전략"
한양대학교,공과대학,데이터사이언스학부(데이터사이언스전공),"소프트웨어입문설계  ,이산수학,미분적분학,데이터사이언스 기초,창의적소프트웨어 프로그래밍,선형대수,데이터사이언스프로젝트,자료구조론,확률통계론,객체지향시스템설계,공업수학,머신러닝,알고리즘및문제해결기법,데이터베이스 시스템및응용,인지과학기초,인공지능,컴퓨터비전,데이터사이언스,계산인지과학,운영체제,지능형로보틱스,인간컴퓨터상호작용,인공지능베이지안이론,강화학습이론및응용,수치해석 ,딥러닝및응용,인공지능졸업프로젝트,지능형생물정보학"
한양대학교,산업융합학부,정보융합전공,"대학수학 ,산업융합입문 , 산업융합수학,공학도를위한창의적컴퓨팅,확률및통계,인간심리와디자인,정보시각화,경영학입문,파이썬컴퓨팅,데이터구조입문, 컴퓨터그래픽스디자인,웹프로그래밍,모바일앱프로그래밍, 디자인혁신경영,인간중심디자인,프로세스매니지먼트, e-비즈니스,데이터시각화, 소프트웨어공학,데이터마이닝,UI/UX입문, 텍스트마이닝,해석가능인공지능,사운드스케이프디자인,사이버물리시스템(캡스톤디자인), 정보융합종합설계,실험계획법, 지식공학,정보융합창의설계,인공지능,디지털콘텐츠개발"
한양대학교,공과대학,스마트ICT융합전공,"미분적분학,일반물리학,프로그래밍기초,프로그래밍설계방법, 이산수학,데이터베이스 ,게임개발개론,피지컬컴퓨팅,스마트센서와액츄에이터,빅데이터활용사례를통한이해,오픈소스SW기초,자바프로그래밍기초,웹애플리케이션개발,객체지향개발론,모바일게임프로그래밍,스마트ICT융합캡스톤,자료구조,알고리즘 ,디지털미디어아트의이해,컴퓨터그래픽스,스마트ICT융합전공캡스톤,시스템프로그래밍,C#게임프로그래밍,운영체제,컴퓨터네트워크및응용,소프트웨어공학,가상현실게임프로그래밍,인공지능,정보보안론,컴퓨터비전,인간과컴퓨터상호작용"
한양대학교,공과대학,융합공학과,"수치계산,프로그래밍기초,선형대수학,미분수학,공학기초수학,물리학개론,미적분학,공학설계,벡터수학 ,공학일반수학,파이썬프로그래밍,컴퓨터그래픽스,회로이론,정전기학,프로그래밍응용,융합캡스톤기초,공학수학,디지털논리설계 ,전자회로해석,전기회로,정자기학,컴퓨터운영,융합캡스톤입문,시스템프로그래밍,전자회로설계, 융합캡스톤설계,논리설계응용,컴퓨터체제,통합공학,융합공학과연구실심화실습,컴퓨터지원설계,신호와시스템,컴퓨터공학,통신공학,시스템공학,통신공학응용,글로벌기술경영,생산경영,사용성공학,디지털신호처리,자료구조론,시스템설계,확률과통계,통합공학응용,경제성공학,디지털신호처리,자료구조론"
한양대학교,소프트웨어융합대학,컴퓨터전공,"디지탈논리설계,선형대수,오토마타와형식언어론,자료구조론,확률론,Sw창업캡스톤디자인,데이터베이스,소프트웨어개발실무,수치해석,알고리즘설계와분석,음악프로그래밍,전산통계학,고급프로그래밍,운영체제론,컴퓨터공학연구실심화실습,컴퓨터구조,컴퓨터네트워크,컴퓨터비전,객체지향개발론,데이터통신,마이크로프로세서인터페이스.시스템프로그래밍.암호학.컴퓨터그래픽스.컴퓨터캡스톤디자인.모바일컴퓨팅.소프트웨어공학,시스템보안,프로그래밍언어론,네트워크시큐리티,임베디드소프트웨어설계,임베디드운영체제,프로그램검증"
한양대학교,소프트웨어융합대학,소프트웨어전공,"디지탈논리설계,선형대수,오토마타와형식언어론,자료구조론,확률론,Sw창업캡스톤디자인,데이터베이스,소프트웨어개발실무,수치해석,알고리즘설계와분석,음악프로그래밍,전산통계학,고급프로그래밍, 빅데이터검색,운영체제론,컴퓨터구조,컴퓨터비전,객체지향개발론,데이터마이닝,시스템프로그래밍,인공지능,컴퓨터그래픽스,컴퓨터캡스톤디자인,데이터사이언스응용,딥러닝,모바일컴퓨팅,소프트웨어공학,컴퓨터캡스톤디자인,프로그래밍언어론,소셜네트워크분석,임베디드소프트웨어설계컴파일러,프로그램검증"
한양대학교,소프트웨어융합대학,인공지능학과,"논리학,미분적분학,일반물리학,컴퓨터개론,프로그래밍기초,시스템프로그래밍기초,오픈소스Sw기초,인공지능의이해,프로그램설계방법론,글로벌Sw창업디자인1,선형대수,오토마타와형식언어론 ,자료구조론, 텐서프로그래밍,확률론,데이터베이스,소프트웨어개발실무,수치해석,알고리즘설계와분석, 인공지능수학,인공지능실습,전산통계학,기계학습,빅데이터검색,운영체제론,인공지능연구실심화실습,컴퓨터구조,컴퓨터비전,데이터마이닝,시각지능학습, 음성인식,인공지능,인공지능캡스톤디자인,컴퓨터그래픽스,데이터사이언스응용,딥러닝, 소프트웨어공학,자연어처리,고급딥러닝,소셜네트워크분석, 인간컴퓨터상호작용 "
한양대학교,소프트웨어융합대학,컬처테크놀로지전공,"게임디자인,공학과심리,뮤직테크놀로지,선형대수,오픈소스Sw,,자료구조론,자바프로그래밍입문, Ict창업캡스톤디자인,데이터베이스, 모바일게임프로그래밍,모바일앱개발,사운드엔지니어링,스마트센서와액츄에이터,의료인공지능,인간공학과실습,컴퓨터알고리즘 ,Hci연구실심화실습,게임프로그래밍언어, 무대공간분석과디자인,웹애플리케이션개발,인간-컴퓨터시스템설계 ,창의캡스톤디자인,피지컬컴퓨팅,Hci연구실심화실습,감성Ui/Ux ,사용자경험및사용성,의공학및뇌공학의이해,인터렉티브공연디자인,창의캡스톤디자인,컴퓨터그래픽스,3d게임프로젝트설계, Ict융합캡스톤디자인, 웰니스디자인 ,3d사용자인터페이스, Ict융합캡스톤디자인,문화콘텐츠저작권,인터랙티브멀티미디어"
한양대학교,소프트웨어융합대학,디자인테크놀로지전공,"Mr&미디어,감성미학,공학과심리,디자인공학드로잉&2d실습,오픈소스Sw,인공지능의이해,자료구조론,4차산업과문화융합혁신프로젝트,Ar/Vr기술응용,Ict창업캡스톤디자인 ,데이터베이스,디자인공학드로잉&3d실습,디자인공학소프트웨어실습(3d모델링&프린팅),신산업융합디자인,인간공학과실습,컴퓨터알고리즘,Hci연구실심화실습,가상인터페이스디자인,디자인소프트웨어실습,융합기술과이노베이션디자인,인간-컴퓨터시스템설계,창의캡스톤디자인,피지컬컴퓨팅,3d그래픽응용, Hci연구실심화실습,가상및증강현실시스템,감성Ui/Ux,다중미디어컨텐츠디자인,  커넥티드오토모빌리티융합개발,컴퓨터그래픽스,Ict융합캡스톤디자인,디자인마케팅과컨설팅,리빙랩이론과실제,스마트실감형어플리케이션개발,융복합미디어소비자심리,융합서비스디자인설계,인터랙티브멀티미디어"
한양대학교,디자인대학,산업디자인학과," 캡스톤디자인,디자인전공세미나,산학협동연구,일상과디자인,4차산업융합디자인,디자인과창업,디자인전공세미나,상품기획,디자인마케팅,CAD,운송기기디자인,리빙웨어디자인,인더스트리얼,디자인가공학,인간공학,디자인방법론,유니버설디자인 ,테이블웨어디자인, 프로덕트디자인,디자인가공학,디자인방법론,3D디자인,,디자인론,조명디자인,도학 ,3D디자인,기초디자인,색채학,기초컴퓨터응용디자인,크리에이티브워크샵"
한양대학교,디자인대학,커뮤니케이션디자인학과," 패키지디자인스타트업,디자인워크샵,디자인혁신,포트폴리오연구,서피스인테리어디자인스튜디오,실내디자인워크샵,디자인싱킹&메이킹,실내디자인스튜디오, 캡스톤디자인,디자인과창업,논리및논술(디자인),조명디자인,UX·UI디자인,스마트패키지디자인,브랜드디자인과내셔널브랜드,정보서비스디자인,리빙토탈코디네이션 ,악세서리서피스디자인,실내디자인프로젝트,캡스톤디자인,편집디자인,비주얼머천다이징,UX·UI디자인,브랜드디자인과로컬브랜드,정보서비스디자인,실내디자인프로젝트,실내디자인실무기법,리빙웨어프로덕트디자인 ,디자인방법론 ,커뮤니케이션디자인스튜디오, 패키지디자인매니지먼트,인테리어서피스,웹디자인, 공간디자인,서피스프린팅,일러스트레이션과캐릭터디자인,시각전달디자인,패키지디자인메이킹,커뮤니케이션디자인방법론,인테리어서피스,실내디자인표현기법,공간디자인,서피스패턴드로잉,일러스트레이션과캐릭터디자인,입체조형디자인,타이포그래피,3D컴퓨터디자인, 기초디자인,컴퓨터와디자인     "
한양대학교,융합전공,신산업소프트웨어전공,"신산업과소프트웨어,프로그래밍,소프트웨어융합캡스톤디자인,고급컴퓨터활용,모바일프로그래밍입문,웹퍼블리싱,컴퓨터그래픽응용 ,컴퓨팅과데이터처리 ,데이터분석과시각화,드론SW제작,디지털포트폴리오 ,안드로이드앱프로그래밍웹서비스구축,IoT이해와활용,크리에이티브비디오,Spark와빅데이터,데이터베이스기초,운영체제기초,전산통계학기초,프로그램설계방법론기초,그림으로배우는컴퓨터구조기초,멀티미디어정보처리기초,빅데이터이해와분석,시스템프로그래밍기초,오픈소스SW기초,프로그램설계방법론 ,컴퓨터개론,수치해석 ,빅데이터검색,데이터마이닝,인공지능,데이터사이언스응용,딥러닝,소셜네트워크분석,컴파일러,컴퓨터전공,디지탈논리설계 ,자료구조론,오토마타와형식언어론,알고리즘설계와분석 ,음악프로그래밍,데이터베이스,소프트웨어개발실무 ,시스템프로그래밍,고급프로그래밍,운영체제론,컴퓨터구조,컴퓨터네트워크 ,컴퓨터비전,마이크로프로세서인터페이스,암호학,객체지향개발론,컴퓨터그래픽스,데이터통신,모바일컴퓨팅,소프트웨어공학 ,임베디드운영체제,시스템보안 ,프로그래밍언어론,프로그램검증,네트워크시큐리티,임베디드소프트웨어설계 ,디지털커뮤니케이션론 ,기계학습,인공지능디자인과응용,선형대수,게임디자인,게임프로그래밍언어,뮤직테크놀로지,인공지능의이해,모바일앱개발,모바일게임프로그래밍,디지털테크놀로지전공,신산업융합디자인,4차산업과문화융합혁신프로젝트,융합기술과이노베이션디자인,계량경영,경영정보시스템,e-Business론,정보통신경제론 ,통계프로그래밍과데이터분석,건설프로그래밍,딥러닝응용 ,BIM통합설계,디지털모델링,확률통계론,교통물류빅데이터마이닝 ,교통물류데이터과학및인공지능 ,내장형시스템설계,인공지능설계,사이버보안,기계공학과,수치계산 ,컴퓨터지원설계,로봇공학과,로봇프로그래밍 컴퓨터구조론,기계학습론,프로그래밍언어,빅데이터애널리틱스 ,데이터구조론,마이크로프로세서응용,컴퓨터구조및운영체제,전산통계및실습 ,빅데이터분석 ,머신러닝 ,나노광전자학과,공학프로그래밍,문화인류학과 미디어인류학,UI/UX디자인 ,게임기획과퍼블리싱,게임개발론,언어정보의처리방법,영상문화론,크리에이티브프로그래밍,크리에이티브프로토타이핑,커뮤니케이션디자인학과,웹디자인,정보서비스디자인,3D디자인 ,인더스트리얼디자인,디지털미디어,데이터애널리틱스,심화데이터애널리틱스,데이터예측모델과기계학습의응용,빅데이터시각화와인포그래픽스"
한양대학교,융합전공,디자인공학전공,"감성미학,디자인공학기초드로잉실습,디자인공학제품드로잉실습,창의캡스톤디자인,제품색채응용,디자인공학캡스톤디자인,공학과심리,인간공학과실습,감성UI/UX,건축구조의기본,건축재료,일반구조,CADD,기계공학입문설계,컴퓨터지원설계,데이터구조론,기초디자인,크리에이티브워크샵,3D디자인,조명디자인,디자인방법론,유니버설디자인,프로덕트디자인,CAD,디자인가공학,운송기기디자인,인더스트리얼디자인,크리에이티브프로그래밍,크리에이티브프로토타이핑,엔터테인먼트사운드디자인,타이포그래피"
한양대학교,융합전공,산업인공지능전공,"Spark와빅데이터,데이터베이스기초,빅데이터이해와분석,전산통계학기초,컴퓨팅과데이터처리,데이터분석과시각화,논리학,프로그래밍기초,시스템프로그래밍기초,이산수학,프로그램설계방법론 ,선형대수,확률론,알고리즘설계와분석,운영체제론,시스템프로그래밍,자료구조론,빅데이터검색,컴퓨터구조,인공지능,데이터사이언스응용,딥러닝,기계학습 ,인공지능의이해,데이터베이스,전산통계학,인공지능디자인과응용,로봇프로그래밍,기계학습론,로봇지능,데이터마이닝,빅데이터애널리틱스,산업인공지능,인공지능과알고리즘,전산통계및실습,빅데이터분석,머신러닝,최적화이론및응용,회귀분석,딥러닝의기초및응용"
중앙대학교,예술공학대학,예술공학부,"기초프로그래밍,심화프로그래밍,예술공학개론,객체지향프로그래밍,오픈소스프로그래밍,비주얼 컴퓨팅,데이터표현 및 알고리즘,라이팅 테크놀로지,표준 웹 테크놀로지,사운드 테크놀로지,컴퓨터그래픽스,데이터저장 및 응용기술,게임엔진 1,영상처리및비전,게임엔진2,시각효과프로덕션,피지컬컴퓨팅과제어,인공지능과머신러닝,고급 시각효과 기술,지능형 영상비전,이머시브 미디어 기술,디지털헤리티지와 테크놀로지,컨셉스튜디오,응용예술공하그인터렉티브 UX 디잔인,디지털아카이빙과 데이터 시각화, 크리에이티브 테크놀로지, 캡스톤 디자인 프로젝트"